id,Project,TeamExp,YearEnd,Length,Effort,Transactions,Enitities,PointsNon Adjust,Adjustment,PointsAdju,Language,Team selections,Team size,DBMSused,Security,DBMS exp,Software tool 
1,1,4,85,12,5152,253,52,305,34,302,1,3,6,1,2,0,2
2,2,0,86,4,5635,197,124,321,33,315,1,3,3,1,4,0,5
3,3,4,85,1,805,40,60,100,18,83,1,2,6,1,5,1,1
4,4,0,86,5,3829,200,119,319,30,303,1,2,6,2,3,1,1
5,5,0,86,4,2149,140,94,234,24,208,1,3,9,2,3,1,2
6,6,0,86,4,2821,97,89,186,38,192,1,3,7,3,3,1,1
7,7,1,85,9,2569,119,42,161,25,145,2,3,5,3,3,1,2
8,8,2,83,13,3913,186,52,238,25,214,1,3,5,3,4,0,1
9,9,1,85,12,7854,172,88,260,30,247,1,3,4,3,3,1,1
10,10,4,83,4,2422,78,38,116,24,103,1,3,4,2,2,1,3
11,11,1,84,21,4067,167,99,266,24,237,1,3,7,2,3,1,2
12,12,1,84,17,9051,146,112,258,40,271,1,3,4,3,2,1,4
13,13,1,84,3,2282,33,72,105,19,88,1,1,3,2,2,1,1
14,14,4,85,8,4172,162,61,223,32,216,1,1,5,2,2,1,1
15,15,4,85,9,4977,223,121,344,28,320,1,3,4,2,2,1,2
16,16,2,85,8,1617,119,48,167,26,152,2,1,4,2,2,1,2
17,17,3,85,8,3192,57,43,100,43,108,1,3,4,2,2,1,2
18,18,4,86,14,3437,68,316,384,20,326,2,1,2,2,2,1,2
19,19,4,87,14,4494,9,386,395,21,340,2,3,7,2,2,1,2
20,20,2,86,5,840,58,34,92,29,86,1,1,2,2,5,1,3
21,21,4,86,12,14973,318,269,587,34,581,2,3,8,5,2,1,3
22,22,4,85,18,5180,88,170,258,34,255,1,3,6,2,5,1,5
23,23,4,86,5,5775,306,132,438,37,447,1,3,3,1,2,1,1
24,24,1,87,20,10577,304,78,382,39,397,1,3,6,2,5,1,1
25,25,4,86,8,3983,89,200,289,33,283,1,3,6,2,3,1,1
26,26,1,85,14,3164,86,230,316,33,310,1,3,2,5,4,1,1
27,27,0,86,6,3542,71,235,306,37,312,1,3,4,2,3,0,2
28,28,1,85,14,4277,148,324,472,39,491,1,2,2,2,2,1,3
29,29,4,85,16,7252,116,170,286,27,263,1,2,2,2,3,1,1
30,30,1,85,14,3948,175,277,452,37,461,1,3,2,3,2,1,5
31,31,3,86,6,3927,79,128,207,27,190,1,3,2,3,2,0,3
32,32,1,86,9,710,145,38,183,27,168,3,3,1,3,2,1,1
33,33,4,87,9,2429,174,78,252,41,267,3,2,9,5,2,0,3
34,34,1,85,5,6405,194,91,285,35,285,1,3,3,2,2,0,2
35,35,2,88,3,651,126,49,175,38,180,3,3,3,3,2,0,5
36,36,3,86,17,9135,317,119,436,34,432,2,3,2,1,4,0,5
37,37,4,87,11,1435,289,88,377,28,351,3,2,5,5,3,1,3
38,38,-1,87,8,5922,260,144,404,24,360,1,2,9,5,3,1,2
39,39,4,88,4,847,158,59,217,18,180,3,2,4,5,3,1,2
40,40,3,88,16,8050,302,145,447,52,523,2,3,3,2,2,1,1
41,41,1,87,9,4620,451,48,499,28,464,1,3,5,2,2,0,2
42,42,4,87,34,2352,661,132,793,23,698,3,3,6,2,5,1,2
43,43,1,88,10,2174,64,54,118,25,106,1,3,2,1,2,0,3
44,44,4,86,39,19894,284,230,514,50,591,1,3,4,1,1,0,5
45,45,1,86,18,6699,182,126,308,35,308,1,2,5,2,2,0,2
46,46,3,87,27,14987,173,332,505,19,424,1,3,5,1,3,0,3
47,47,2,88,9,4004,252,7,259,28,241,1,2,3,1,4,0,2
48,48,3,85,11,12824,131,180,311,51,361,1,2,6,5,5,1,2
49,49,3,85,8,2331,106,39,145,6,103,1,2,6,5,4,1,3
50,50,3,85,9,5817,96,108,204,29,192,1,2,6,5,4,1,3
51,51,3,85,7,2989,116,72,188,18,156,1,3,3,5,3,0,1
52,52,3,85,6,3136,86,49,135,32,131,1,3,4,5,3,0,2
53,53,3,85,17,14434,221,121,342,35,342,1,2,6,5,4,1,3
54,54,1,87,12,2583,61,96,157,18,130,1,3,3,3,2,1,3
55,55,3,86,12,3647,132,89,221,5,155,2,3,2,2,2,1,5
56,56,7,86,13,8232,45,387,432,16,350,2,2,5,2,2,1,2
57,57,1,86,12,3276,55,112,167,12,129,2,2,2,3,2,1,5
58,58,4,87,8,2723,124,52,176,14,139,2,3,4,5,3,0,3
59,59,3,87,5,3472,120,126,246,15,197,2,3,4,3,3,0,1
60,60,2,87,6,1575,47,32,79,14,62,2,3,1,3,2,1,3
61,61,1,86,12,2926,126,107,233,23,205,2,2,4,3,2,0,1
62,62,2,86,6,1876,101,45,146,15,117,2,1,1,3,5,0,1
63,63,1,86,5,2520,78,99,177,14,140,1,3,8,5,2,1,1
64,64,7,86,13,1603,69,74,143,14,113,1,3,3,1,2,1,2
65,65,3,86,8,3626,194,97,291,35,291,2,3,6,2,5,1,2
66,66,-1,87,10,6783,224,110,334,28,309,2,3,5,1,2,0,3
67,67,4,87,15,11361,323,184,507,35,507,2,3,8,1,2,0,3
68,68,3,86,6,1267,42,31,73,27,67,2,3,7,5,2,1,3
69,69,2,87,5,2548,74,43,117,25,105,2,3,5,1,2,0,3
70,70,4,87,10,1155,101,57,158,9,117,2,2,1,5,2,1,2
71,71,4,86,6,546,97,42,139,6,99,3,3,3,2,3,1,1
72,72,3,84,13,2275,134,77,211,13,165,2,3,6,5,4,1,3
73,73,5,86,26,9100,482,227,709,26,645,2,3,5,5,3,1,2
74,74,2,84,6,595,213,73,286,6,203,3,2,8,5,1,1,3
75,75,-1,84,22,3941,139,143,282,22,245,2,3,2,5,3,1,2
76,76,3,86,24,13860,473,182,655,40,688,2,2,8,1,2,1,1
77,77,4,85,12,1400,229,169,398,39,414,3,3,6,1,1,1,1
78,78,3,83,12,2800,227,73,300,34,297,1,3,2,3,3,0,1
79,79,4,82,24,9520,395,193,588,40,617,1,2,5,1,3,1,1
80,80,3,86,12,5880,469,176,645,43,697,3,3,5,3,2,1,1
81,81,4,85,36,23940,886,241,1127,34,1116,1,3,2,1,5,1,1
82,82,4,85,12,5152,253,52,305,34,302,1,3,4,1,4,0,5
83,83,0,86,4,5635,197,124,321,33,315,1,3,4,2,2,1,4
84,84,4,85,1,805,40,60,100,18,83,1,3,3,2,3,1,3
85,85,0,86,5,3829,200,119,319,30,303,1,3,8,2,2,1,1
86,86,0,86,4,2149,140,94,234,24,208,1,3,1,2,2,1,1
87,87,0,86,4,2821,97,89,186,38,192,1,2,2,2,2,1,1
88,88,1,85,9,2569,119,42,161,25,145,2,3,1,2,2,0,1
89,89,2,83,13,3913,186,52,238,25,214,1,2,1,2,2,1,1
90,90,1,85,12,7854,172,88,260,30,247,1,3,5,1,2,1,3
91,91,4,83,4,2422,78,38,116,24,103,1,3,2,2,4,1,1
92,92,1,84,21,4067,167,99,266,24,237,1,3,7,2,2,0,1
93,93,1,84,17,9051,146,112,258,40,271,1,3,4,2,2,1,1
94,94,1,84,3,2282,33,72,105,19,88,1,3,2,2,2,1,1
95,95,4,85,8,4172,162,61,223,32,216,1,3,5,5,2,1,4
96,96,4,85,9,4977,223,121,344,28,320,1,2,6,2,1,0,1
97,97,2,85,8,1617,119,48,167,26,152,2,2,5,1,2,1,2
98,98,3,85,8,3192,57,43,100,43,108,1,3,3,5,2,0,2
99,99,4,86,14,3437,68,316,384,20,326,2,2,3,3,2,1,1
100,100,4,87,14,2149,9,386,395,21,340,2,2,5,1,2,1,1
101,101,4,85,12,2112,253,52,305,34,302,1,2,2,1,2,1,2
102,102,0,86,4,1056,197,124,321,33,315,1,3,3,2,2,0,3
103,103,4,85,1,3168,40,60,100,18,83,1,3,5,1,2,1,2
104,104,0,86,5,5280,200,119,319,30,303,1,3,5,2,1,0,5
105,105,0,86,4,19008,140,94,234,24,208,1,3,7,2,1,0,5
106,106,0,86,4,7392,97,89,186,38,192,1,3,3,2,1,1,1
107,107,1,85,9,5280,119,42,161,25,145,2,3,6,2,1,1,1
108,108,2,83,13,4400,186,52,238,25,214,1,3,6,2,2,0,2
109,109,1,85,12,4224,172,88,260,30,247,1,3,6,2,1,1,1
110,110,4,83,4,6468,78,38,116,24,103,1,3,7,2,1,1,1
111,111,1,84,21,8910,167,99,266,24,237,1,3,6,2,1,1,1
112,112,1,84,17,5280,146,112,258,40,271,1,3,6,3,2,1,1
113,113,1,84,3,880,33,72,105,19,88,1,3,5,1,4,1,2
114,114,4,85,8,1848,162,61,223,32,216,1,2,5,5,2,1,2
115,115,4,85,9,1584,223,121,344,28,320,1,3,9,3,2,1,3
116,116,2,85,8,1320,119,48,167,26,152,2,2,2,1,2,0,5
117,117,3,85,8,880,57,43,100,43,108,1,3,5,2,1,1,5
118,118,4,86,14,264,68,316,384,20,326,2,3,2,2,2,1,2
119,119,4,87,14,2772,9,386,395,21,340,2,3,2,2,2,1,5
120,120,2,86,5,870,58,34,92,29,86,1,3,3,3,2,1,1
121,121,4,85,12,5152,253,52,305,34,302,1,3,6,1,2,0,2
122,122,0,86,4,5635,197,124,321,33,315,1,3,3,1,4,0,5
123,123,4,85,1,805,40,60,100,18,83,1,2,6,1,5,1,1
124,124,0,86,5,3829,200,119,319,30,303,1,2,6,2,3,1,1
125,125,0,86,4,2149,140,94,234,24,208,1,3,9,2,3,1,2
126,126,0,86,4,2821,97,89,186,38,192,1,3,7,3,3,1,1
127,127,1,85,9,2569,119,42,161,25,145,2,3,5,3,3,1,2
128,128,2,83,13,3913,186,52,238,25,214,1,3,5,3,4,0,1
129,129,1,85,12,7854,172,88,260,30,247,1,3,4,3,3,1,1
130,130,4,83,4,2422,78,38,116,24,103,1,3,4,2,2,1,3
131,131,1,84,21,4067,167,99,266,24,237,1,3,7,2,3,1,2
132,132,1,84,17,9051,146,112,258,40,271,1,3,4,3,2,1,4
133,133,1,84,3,2282,33,72,105,19,88,1,1,3,2,2,1,1
134,134,4,85,8,4172,162,61,223,32,216,1,1,5,2,2,1,1
135,135,4,85,9,4977,223,121,344,28,320,1,3,4,2,2,1,2
136,136,2,85,8,1617,119,48,167,26,152,2,1,4,2,2,1,2
137,137,3,85,8,3192,57,43,100,43,108,1,3,4,2,2,1,2
138,138,4,86,14,3437,68,316,384,20,326,2,1,2,2,2,1,2
139,139,4,87,14,4494,9,386,395,21,340,2,3,7,2,2,1,2
140,140,2,86,5,840,58,34,92,29,86,1,1,2,2,5,1,3
141,141,4,86,12,14973,318,269,587,34,581,2,3,8,5,2,1,3
142,142,4,85,18,5180,88,170,258,34,255,1,3,6,2,5,1,5
143,143,4,86,5,5775,306,132,438,37,447,1,3,3,1,2,1,1
144,144,1,87,20,10577,304,78,382,39,397,1,3,6,2,5,1,1
145,145,4,86,8,3983,89,200,289,33,283,1,3,6,2,3,1,1
146,146,1,85,14,3164,86,230,316,33,310,1,3,2,5,4,1,1
147,147,0,86,6,3542,71,235,306,37,312,1,3,4,2,3,0,2
148,148,1,85,14,4277,148,324,472,39,491,1,2,2,2,2,1,3
149,149,4,85,16,7252,116,170,286,27,263,1,2,2,2,3,1,1
150,150,1,85,14,3948,175,277,452,37,461,1,3,2,3,2,1,5
151,151,3,86,6,3927,79,128,207,27,190,1,3,2,3,2,0,3
152,152,1,86,9,710,145,38,183,27,168,3,3,1,3,2,1,1
153,153,4,87,9,2429,174,78,252,41,267,3,2,9,5,2,0,3
154,154,1,85,5,6405,194,91,285,35,285,1,3,3,2,2,0,2
155,155,2,88,3,651,126,49,175,38,180,3,3,3,3,2,0,5
156,156,3,86,17,9135,317,119,436,34,432,2,3,2,1,4,0,5
157,157,4,87,11,1435,289,88,377,28,351,3,2,5,5,3,1,3
158,158,-1,87,8,5922,260,144,404,24,360,1,2,9,5,3,1,2
159,159,4,88,4,847,158,59,217,18,180,3,2,4,5,3,1,2
160,160,3,88,16,8050,302,145,447,52,523,2,3,3,2,2,1,1
161,161,1,87,9,4620,451,48,499,28,464,1,3,5,2,2,0,2
162,162,4,87,34,2352,661,132,793,23,698,3,3,6,2,5,1,2
163,163,1,88,10,2174,64,54,118,25,106,1,3,2,1,2,0,3
164,164,4,86,39,19894,284,230,514,50,591,1,3,4,1,1,0,5
165,165,1,86,18,6699,182,126,308,35,308,1,2,5,2,2,0,2
166,166,3,87,27,14987,173,332,505,19,424,1,3,5,1,3,0,3
167,167,2,88,9,4004,252,7,259,28,241,1,2,3,1,4,0,2
168,168,3,85,11,12824,131,180,311,51,361,1,2,6,5,5,1,2
169,169,3,85,8,2331,106,39,145,6,103,1,2,6,5,4,1,3
170,170,3,85,9,5817,96,108,204,29,192,1,2,6,5,4,1,3
171,171,3,85,7,2989,116,72,188,18,156,1,3,3,5,3,0,1
172,172,3,85,6,3136,86,49,135,32,131,1,3,4,5,3,0,2
173,173,3,85,17,14434,221,121,342,35,342,1,2,6,5,4,1,3
174,174,1,87,12,2583,61,96,157,18,130,1,3,3,3,2,1,3
175,175,3,86,12,3647,132,89,221,5,155,2,3,2,2,2,1,5
176,176,7,86,13,8232,45,387,432,16,350,2,2,5,2,2,1,2
177,177,1,86,12,3276,55,112,167,12,129,2,2,2,3,2,1,5
178,178,4,87,8,2723,124,52,176,14,139,2,3,4,5,3,0,3
179,179,3,87,5,3472,120,126,246,15,197,2,3,4,3,3,0,1
180,180,2,87,6,1575,47,32,79,14,62,2,3,1,3,2,1,3
181,181,1,86,12,2926,126,107,233,23,205,2,2,4,3,2,0,1
182,182,2,86,6,1876,101,45,146,15,117,2,1,1,3,5,0,1
183,183,1,86,5,2520,78,99,177,14,140,1,3,8,5,2,1,1
184,184,7,86,13,1603,69,74,143,14,113,1,3,3,1,2,1,2
185,185,3,86,8,3626,194,97,291,35,291,2,3,6,2,5,1,2
186,186,-1,87,10,6783,224,110,334,28,309,2,3,5,1,2,0,3
187,187,4,87,15,11361,323,184,507,35,507,2,3,8,1,2,0,3
188,188,3,86,6,1267,42,31,73,27,67,2,3,7,5,2,1,3
189,189,2,87,5,2548,74,43,117,25,105,2,3,5,1,2,0,3
190,190,4,87,10,1155,101,57,158,9,117,2,2,1,5,2,1,2
191,191,4,86,6,546,97,42,139,6,99,3,3,3,2,3,1,1
192,192,3,84,13,2275,134,77,211,13,165,2,3,6,5,4,1,3
193,193,5,86,26,9100,482,227,709,26,645,2,3,5,5,3,1,2
194,194,2,84,6,595,213,73,286,6,203,3,2,8,5,1,1,3
195,195,-1,84,22,3941,139,143,282,22,245,2,3,2,5,3,1,2
196,196,3,86,24,13860,473,182,655,40,688,2,2,8,1,2,1,1
197,197,4,85,12,1400,229,169,398,39,414,3,3,6,1,1,1,1
198,198,3,83,12,2800,227,73,300,34,297,1,3,2,3,3,0,1
199,199,4,82,24,9520,395,193,588,40,617,1,2,5,1,3,1,1
200,200,3,86,12,5880,469,176,645,43,697,3,3,5,3,2,1,1
201,201,4,85,36,23940,886,241,1127,34,1116,1,3,2,1,5,1,1
202,202,4,85,12,5152,253,52,305,34,302,1,3,4,1,4,0,5
203,203,0,86,4,5635,197,124,321,33,315,1,3,4,2,2,1,4
204,204,4,85,1,805,40,60,100,18,83,1,3,3,2,3,1,3
205,205,0,86,5,3829,200,119,319,30,303,1,3,8,2,2,1,1
206,206,0,86,4,2149,140,94,234,24,208,1,3,1,2,2,1,1
207,207,0,86,4,2821,97,89,186,38,192,1,2,2,2,2,1,1
208,208,1,85,9,2569,119,42,161,25,145,2,3,1,2,2,0,1
209,209,2,83,13,3913,186,52,238,25,214,1,2,1,2,2,1,1
210,210,1,85,12,7854,172,88,260,30,247,1,3,5,1,2,1,3
211,211,4,83,4,2422,78,38,116,24,103,1,3,2,2,4,1,1
212,212,1,84,21,4067,167,99,266,24,237,1,3,7,2,2,0,1
213,213,1,84,17,9051,146,112,258,40,271,1,3,4,2,2,1,1
214,214,1,84,3,2282,33,72,105,19,88,1,3,2,2,2,1,1
215,215,4,85,8,4172,162,61,223,32,216,1,3,5,5,2,1,4
216,216,4,85,9,4977,223,121,344,28,320,1,2,6,2,1,0,1
217,217,2,85,8,1617,119,48,167,26,152,2,2,5,1,2,1,2
218,218,3,85,8,3192,57,43,100,43,108,1,3,3,5,2,0,2
219,219,4,86,14,3437,68,316,384,20,326,2,2,3,3,2,1,1
220,220,4,87,14,2149,9,386,395,21,340,2,2,5,1,2,1,1
221,221,4,85,12,2112,253,52,305,34,302,1,2,2,1,2,1,2
222,222,0,86,4,1056,197,124,321,33,315,1,3,3,2,2,0,3
223,223,4,85,1,3168,40,60,100,18,83,1,3,5,1,2,1,2
224,224,0,86,5,5280,200,119,319,30,303,1,3,5,2,1,0,5
225,225,0,86,4,19008,140,94,234,24,208,1,3,7,2,1,0,5
226,226,0,86,4,7392,97,89,186,38,192,1,3,3,2,1,1,1
227,227,1,85,9,5280,119,42,161,25,145,2,3,6,2,1,1,1
228,228,2,83,13,4400,186,52,238,25,214,1,3,6,2,2,0,2
229,229,1,85,12,4224,172,88,260,30,247,1,3,6,2,1,1,1
230,230,4,83,4,6468,78,38,116,24,103,1,3,7,2,1,1,1
231,231,1,84,21,8910,167,99,266,24,237,1,3,6,2,1,1,1
232,232,1,84,17,5280,146,112,258,40,271,1,3,6,3,2,1,1
233,233,1,84,3,880,33,72,105,19,88,1,3,5,1,4,1,2
234,234,4,85,8,1848,162,61,223,32,216,1,2,5,5,2,1,2
235,235,4,85,9,1584,223,121,344,28,320,1,3,9,3,2,1,3
236,236,2,85,8,1320,119,48,167,26,152,2,2,2,1,2,0,5
237,237,3,85,8,880,57,43,100,43,108,1,3,5,2,1,1,5
238,238,4,86,14,264,68,316,384,20,326,2,3,2,2,2,1,2
239,239,4,87,14,2772,9,386,395,21,340,2,3,2,2,2,1,5
240,240,2,86,5,870,58,34,92,29,86,1,3,3,3,2,1,1
241,241,4,85,12,5152,253,52,305,34,302,1,3,6,1,2,0,2
242,242,0,86,4,5635,197,124,321,33,315,1,3,3,1,4,0,5
243,243,4,85,1,805,40,60,100,18,83,1,2,6,1,5,1,1
244,244,0,86,5,3829,200,119,319,30,303,1,2,6,2,3,1,1
245,245,0,86,4,2149,140,94,234,24,208,1,3,9,2,3,1,2
246,246,0,86,4,2821,97,89,186,38,192,1,3,7,3,3,1,1
247,247,1,85,9,2569,119,42,161,25,145,2,3,5,3,3,1,2
248,248,2,83,13,3913,186,52,238,25,214,1,3,5,3,4,0,1
249,249,1,85,12,7854,172,88,260,30,247,1,3,4,3,3,1,1
250,250,4,83,4,2422,78,38,116,24,103,1,3,4,2,2,1,3
251,251,1,84,21,4067,167,99,266,24,237,1,3,7,2,3,1,2
252,252,1,84,17,9051,146,112,258,40,271,1,3,4,3,2,1,4
253,253,1,84,3,2282,33,72,105,19,88,1,1,3,2,2,1,1
254,254,4,85,8,4172,162,61,223,32,216,1,1,5,2,2,1,1
255,255,4,85,9,4977,223,121,344,28,320,1,3,4,2,2,1,2
256,256,2,85,8,1617,119,48,167,26,152,2,1,4,2,2,1,2
257,257,3,85,8,3192,57,43,100,43,108,1,3,4,2,2,1,2
258,258,4,86,14,3437,68,316,384,20,326,2,1,2,2,2,1,2
259,259,4,87,14,4494,9,386,395,21,340,2,3,7,2,2,1,2
260,260,2,86,5,840,58,34,92,29,86,1,1,2,2,5,1,3
261,261,4,86,12,14973,318,269,587,34,581,2,3,8,5,2,1,3
262,262,4,85,18,5180,88,170,258,34,255,1,3,6,2,5,1,5
263,263,4,86,5,5775,306,132,438,37,447,1,3,3,1,2,1,1
264,264,1,87,20,10577,304,78,382,39,397,1,3,6,2,5,1,1
265,265,4,86,8,3983,89,200,289,33,283,1,3,6,2,3,1,1
266,266,1,85,14,3164,86,230,316,33,310,1,3,2,5,4,1,1
267,267,0,86,6,3542,71,235,306,37,312,1,3,4,2,3,0,2
268,268,1,85,14,4277,148,324,472,39,491,1,2,2,2,2,1,3
269,269,4,85,16,7252,116,170,286,27,263,1,2,2,2,3,1,1
270,270,1,85,14,3948,175,277,452,37,461,1,3,2,3,2,1,5
271,271,3,86,6,3927,79,128,207,27,190,1,3,2,3,2,0,3
272,272,1,86,9,710,145,38,183,27,168,3,3,1,3,2,1,1
273,273,4,87,9,2429,174,78,252,41,267,3,2,9,5,2,0,3
274,274,1,85,5,6405,194,91,285,35,285,1,3,3,2,2,0,2
275,275,2,88,3,651,126,49,175,38,180,3,3,3,3,2,0,5
276,276,3,86,17,9135,317,119,436,34,432,2,3,2,1,4,0,5
277,277,4,87,11,1435,289,88,377,28,351,3,2,5,5,3,1,3
278,278,-1,87,8,5922,260,144,404,24,360,1,2,9,5,3,1,2
279,279,4,88,4,847,158,59,217,18,180,3,2,4,5,3,1,2
280,280,3,88,16,8050,302,145,447,52,523,2,3,3,2,2,1,1
281,281,1,87,9,4620,451,48,499,28,464,1,3,5,2,2,0,2
282,282,4,87,34,2352,661,132,793,23,698,3,3,6,2,5,1,2
283,283,1,88,10,2174,64,54,118,25,106,1,3,2,1,2,0,3
284,284,4,86,39,19894,284,230,514,50,591,1,3,4,1,1,0,5
285,285,1,86,18,6699,182,126,308,35,308,1,2,5,2,2,0,2
286,286,3,87,27,14987,173,332,505,19,424,1,3,5,1,3,0,3
287,287,2,88,9,4004,252,7,259,28,241,1,2,3,1,4,0,2
288,288,3,85,11,12824,131,180,311,51,361,1,2,6,5,5,1,2
289,289,3,85,8,2331,106,39,145,6,103,1,2,6,5,4,1,3
290,290,3,85,9,5817,96,108,204,29,192,1,2,6,5,4,1,3
291,291,3,85,7,2989,116,72,188,18,156,1,3,3,5,3,0,1
292,292,3,85,6,3136,86,49,135,32,131,1,3,4,5,3,0,2
293,293,3,85,17,14434,221,121,342,35,342,1,2,6,5,4,1,3
294,294,1,87,12,2583,61,96,157,18,130,1,3,3,3,2,1,3
295,295,3,86,12,3647,132,89,221,5,155,2,3,2,2,2,1,5
296,296,7,86,13,8232,45,387,432,16,350,2,2,5,2,2,1,2
297,297,1,86,12,3276,55,112,167,12,129,2,2,2,3,2,1,5
298,298,4,87,8,2723,124,52,176,14,139,2,3,4,5,3,0,3
299,299,3,87,5,3472,120,126,246,15,197,2,3,4,3,3,0,1
300,300,2,87,6,1575,47,32,79,14,62,2,3,1,3,2,1,3
301,301,1,86,12,2926,126,107,233,23,205,2,2,4,3,2,0,1
302,302,2,86,6,1876,101,45,146,15,117,2,1,1,3,5,0,1
303,303,1,86,5,2520,78,99,177,14,140,1,3,8,5,2,1,1
304,304,7,86,13,1603,69,74,143,14,113,1,3,3,1,2,1,2
305,305,3,86,8,3626,194,97,291,35,291,2,3,6,2,5,1,2
306,306,-1,87,10,6783,224,110,334,28,309,2,3,5,1,2,0,3
307,307,4,87,15,11361,323,184,507,35,507,2,3,8,1,2,0,3
308,308,3,86,6,1267,42,31,73,27,67,2,3,7,5,2,1,3
309,309,2,87,5,2548,74,43,117,25,105,2,3,5,1,2,0,3
310,310,4,87,10,1155,101,57,158,9,117,2,2,1,5,2,1,2
311,311,4,86,6,546,97,42,139,6,99,3,3,3,2,3,1,1
312,312,3,84,13,2275,134,77,211,13,165,2,3,6,5,4,1,3
313,313,5,86,26,9100,482,227,709,26,645,2,3,5,5,3,1,2
314,314,2,84,6,595,213,73,286,6,203,3,2,8,5,1,1,3
315,315,-1,84,22,3941,139,143,282,22,245,2,3,2,5,3,1,2
316,316,3,86,24,13860,473,182,655,40,688,2,2,8,1,2,1,1
317,317,4,85,12,1400,229,169,398,39,414,3,3,6,1,1,1,1
318,318,3,83,12,2800,227,73,300,34,297,1,3,2,3,3,0,1
319,319,4,82,24,9520,395,193,588,40,617,1,2,5,1,3,1,1
320,320,3,86,12,5880,469,176,645,43,697,3,3,5,3,2,1,1
321,321,4,85,36,23940,886,241,1127,34,1116,1,3,2,1,5,1,1
322,322,4,85,12,5152,253,52,305,34,302,1,3,4,1,4,0,5
323,323,0,86,4,5635,197,124,321,33,315,1,3,4,2,2,1,4
324,324,4,85,1,805,40,60,100,18,83,1,3,3,2,3,1,3
325,325,0,86,5,3829,200,119,319,30,303,1,3,8,2,2,1,1
326,326,0,86,4,2149,140,94,234,24,208,1,3,1,2,2,1,1
327,327,0,86,4,2821,97,89,186,38,192,1,2,2,2,2,1,1
328,328,1,85,9,2569,119,42,161,25,145,2,3,1,2,2,0,1
329,329,2,83,13,3913,186,52,238,25,214,1,2,1,2,2,1,1
330,330,1,85,12,7854,172,88,260,30,247,1,3,5,1,2,1,3
331,331,4,83,4,2422,78,38,116,24,103,1,3,2,2,4,1,1
332,332,1,84,21,4067,167,99,266,24,237,1,3,7,2,2,0,1
333,333,1,84,17,9051,146,112,258,40,271,1,3,4,2,2,1,1
334,334,1,84,3,2282,33,72,105,19,88,1,3,2,2,2,1,1
335,335,4,85,8,4172,162,61,223,32,216,1,3,5,5,2,1,4
336,336,4,85,9,4977,223,121,344,28,320,1,2,6,2,1,0,1
337,337,2,85,8,1617,119,48,167,26,152,2,2,5,1,2,1,2
338,338,3,85,8,3192,57,43,100,43,108,1,3,3,5,2,0,2
339,339,4,86,14,3437,68,316,384,20,326,2,2,3,3,2,1,1
340,340,4,87,14,2149,9,386,395,21,340,2,2,5,1,2,1,1
341,341,4,85,12,2112,253,52,305,34,302,1,2,2,1,2,1,2
342,342,0,86,4,1056,197,124,321,33,315,1,3,3,2,2,0,3
343,343,4,85,1,3168,40,60,100,18,83,1,3,5,1,2,1,2
344,344,0,86,5,5280,200,119,319,30,303,1,3,5,2,1,0,5
345,345,0,86,4,19008,140,94,234,24,208,1,3,7,2,1,0,5
346,346,0,86,4,7392,97,89,186,38,192,1,3,3,2,1,1,1
347,347,1,85,9,5280,119,42,161,25,145,2,3,6,2,1,1,1
348,348,2,83,13,4400,186,52,238,25,214,1,3,6,2,2,0,2
349,349,1,85,12,4224,172,88,260,30,247,1,3,6,2,1,1,1
350,350,4,83,4,6468,78,38,116,24,103,1,3,7,2,1,1,1
351,351,1,84,21,8910,167,99,266,24,237,1,3,6,2,1,1,1
352,352,1,84,17,5280,146,112,258,40,271,1,3,6,3,2,1,1
353,353,1,84,3,880,33,72,105,19,88,1,3,5,1,4,1,2
354,354,4,85,8,1848,162,61,223,32,216,1,2,5,5,2,1,2
355,355,4,85,9,1584,223,121,344,28,320,1,3,9,3,2,1,3
356,356,2,85,8,1320,119,48,167,26,152,2,2,2,1,2,0,5
357,357,3,85,8,880,57,43,100,43,108,1,3,5,2,1,1,5
358,358,4,86,14,264,68,316,384,20,326,2,3,2,2,2,1,2
359,359,4,87,14,2772,9,386,395,21,340,2,3,2,2,2,1,5
360,360,2,86,5,870,58,34,92,29,86,1,3,3,3,2,1,1
361,361,4,85,12,5152,253,52,305,34,302,1,3,6,1,2,0,2
362,362,0,86,4,5635,197,124,321,33,315,1,3,3,1,4,0,5
363,363,4,85,1,805,40,60,100,18,83,1,2,6,1,5,1,1
364,364,0,86,5,3829,200,119,319,30,303,1,2,6,2,3,1,1
365,365,0,86,4,2149,140,94,234,24,208,1,3,9,2,3,1,2
366,366,0,86,4,2821,97,89,186,38,192,1,3,7,3,3,1,1
367,367,1,85,9,2569,119,42,161,25,145,2,3,5,3,3,1,2
368,368,2,83,13,3913,186,52,238,25,214,1,3,5,3,4,0,1
369,369,1,85,12,7854,172,88,260,30,247,1,3,4,3,3,1,1
370,370,4,83,4,2422,78,38,116,24,103,1,3,4,2,2,1,3
371,371,1,84,21,4067,167,99,266,24,237,1,3,7,2,3,1,2
372,372,1,84,17,9051,146,112,258,40,271,1,3,4,3,2,1,4
373,373,1,84,3,2282,33,72,105,19,88,1,1,3,2,2,1,1
374,374,4,85,8,4172,162,61,223,32,216,1,1,5,2,2,1,1
375,375,4,85,9,4977,223,121,344,28,320,1,3,4,2,2,1,2
376,376,2,85,8,1617,119,48,167,26,152,2,1,4,2,2,1,2
377,377,3,85,8,3192,57,43,100,43,108,1,3,4,2,2,1,2
378,378,4,86,14,3437,68,316,384,20,326,2,1,2,2,2,1,2
379,379,4,87,14,4494,9,386,395,21,340,2,3,7,2,2,1,2
380,380,2,86,5,840,58,34,92,29,86,1,1,2,2,5,1,3
381,381,4,86,12,14973,318,269,587,34,581,2,3,8,5,2,1,3
382,382,4,85,18,5180,88,170,258,34,255,1,3,6,2,5,1,5
383,383,4,86,5,5775,306,132,438,37,447,1,3,3,1,2,1,1
384,384,1,87,20,10577,304,78,382,39,397,1,3,6,2,5,1,1
385,385,4,86,8,3983,89,200,289,33,283,1,3,6,2,3,1,1
386,386,1,85,14,3164,86,230,316,33,310,1,3,2,5,4,1,1
387,387,0,86,6,3542,71,235,306,37,312,1,3,4,2,3,0,2
388,388,1,85,14,4277,148,324,472,39,491,1,2,2,2,2,1,3
389,389,4,85,16,7252,116,170,286,27,263,1,2,2,2,3,1,1
390,390,1,85,14,3948,175,277,452,37,461,1,3,2,3,2,1,5
391,391,3,86,6,3927,79,128,207,27,190,1,3,2,3,2,0,3
392,392,1,86,9,710,145,38,183,27,168,3,3,1,3,2,1,1
393,393,4,87,9,2429,174,78,252,41,267,3,2,9,5,2,0,3
394,394,1,85,5,6405,194,91,285,35,285,1,3,3,2,2,0,2
395,395,2,88,3,651,126,49,175,38,180,3,3,3,3,2,0,5
396,396,3,86,17,9135,317,119,436,34,432,2,3,2,1,4,0,5
397,397,4,87,11,1435,289,88,377,28,351,3,2,5,5,3,1,3
398,398,-1,87,8,5922,260,144,404,24,360,1,2,9,5,3,1,2
399,399,4,88,4,847,158,59,217,18,180,3,2,4,5,3,1,2
400,400,3,88,16,8050,302,145,447,52,523,2,3,3,2,2,1,1
401,401,1,87,9,4620,451,48,499,28,464,1,3,5,2,2,0,2
402,402,4,87,34,2352,661,132,793,23,698,3,3,6,2,5,1,2
403,403,1,88,10,2174,64,54,118,25,106,1,3,2,1,2,0,3
404,404,4,86,39,19894,284,230,514,50,591,1,3,4,1,1,0,5
405,405,1,86,18,6699,182,126,308,35,308,1,2,5,2,2,0,2
406,406,3,87,27,14987,173,332,505,19,424,1,3,5,1,3,0,3
407,407,2,88,9,4004,252,7,259,28,241,1,2,3,1,4,0,2
408,408,3,85,11,12824,131,180,311,51,361,1,2,6,5,5,1,2
409,409,3,85,8,2331,106,39,145,6,103,1,2,6,5,4,1,3
410,410,3,85,9,5817,96,108,204,29,192,1,2,6,5,4,1,3
411,411,3,85,7,2989,116,72,188,18,156,1,3,3,5,3,0,1
412,412,3,85,6,3136,86,49,135,32,131,1,3,4,5,3,0,2
413,413,3,85,17,14434,221,121,342,35,342,1,2,6,5,4,1,3
414,414,1,87,12,2583,61,96,157,18,130,1,3,3,3,2,1,3
415,415,3,86,12,3647,132,89,221,5,155,2,3,2,2,2,1,5
416,416,7,86,13,8232,45,387,432,16,350,2,2,5,2,2,1,2
417,417,1,86,12,3276,55,112,167,12,129,2,2,2,3,2,1,5
418,418,4,87,8,2723,124,52,176,14,139,2,3,4,5,3,0,3
419,419,3,87,5,3472,120,126,246,15,197,2,3,4,3,3,0,1
420,420,2,87,6,1575,47,32,79,14,62,2,3,1,3,2,1,3
421,421,1,86,12,2926,126,107,233,23,205,2,2,4,3,2,0,1
422,422,2,86,6,1876,101,45,146,15,117,2,1,1,3,5,0,1
423,423,1,86,5,2520,78,99,177,14,140,1,3,8,5,2,1,1
424,424,7,86,13,1603,69,74,143,14,113,1,3,3,1,2,1,2
425,425,3,86,8,3626,194,97,291,35,291,2,3,6,2,5,1,2
426,426,-1,87,10,6783,224,110,334,28,309,2,3,5,1,2,0,3
427,427,4,87,15,11361,323,184,507,35,507,2,3,8,1,2,0,3
428,428,3,86,6,1267,42,31,73,27,67,2,3,7,5,2,1,3
429,429,2,87,5,2548,74,43,117,25,105,2,3,5,1,2,0,3
430,430,4,87,10,1155,101,57,158,9,117,2,2,1,5,2,1,2
431,431,4,86,6,546,97,42,139,6,99,3,3,3,2,3,1,1
432,432,3,84,13,2275,134,77,211,13,165,2,3,6,5,4,1,3
433,433,5,86,26,9100,482,227,709,26,645,2,3,5,5,3,1,2
434,434,2,84,6,595,213,73,286,6,203,3,2,8,5,1,1,3
435,435,-1,84,22,3941,139,143,282,22,245,2,3,2,5,3,1,2
436,436,3,86,24,13860,473,182,655,40,688,2,2,8,1,2,1,1
437,437,4,85,12,1400,229,169,398,39,414,3,3,6,1,1,1,1
438,438,3,83,12,2800,227,73,300,34,297,1,3,2,3,3,0,1
439,439,4,82,24,9520,395,193,588,40,617,1,2,5,1,3,1,1
440,440,3,86,12,5880,469,176,645,43,697,3,3,5,3,2,1,1
441,441,4,85,36,23940,886,241,1127,34,1116,1,3,2,1,5,1,1
442,442,4,85,12,5152,253,52,305,34,302,1,3,4,1,4,0,5
443,443,0,86,4,5635,197,124,321,33,315,1,3,4,2,2,1,4
444,444,4,85,1,805,40,60,100,18,83,1,3,3,2,3,1,3
445,445,0,86,5,3829,200,119,319,30,303,1,3,8,2,2,1,1
446,446,0,86,4,2149,140,94,234,24,208,1,3,1,2,2,1,1
447,447,0,86,4,2821,97,89,186,38,192,1,2,2,2,2,1,1
448,448,1,85,9,2569,119,42,161,25,145,2,3,1,2,2,0,1
449,449,2,83,13,3913,186,52,238,25,214,1,2,1,2,2,1,1
450,450,1,85,12,7854,172,88,260,30,247,1,3,5,1,2,1,3
451,451,4,83,4,2422,78,38,116,24,103,1,3,2,2,4,1,1
452,452,1,84,21,4067,167,99,266,24,237,1,3,7,2,2,0,1
453,453,1,84,17,9051,146,112,258,40,271,1,3,4,2,2,1,1
454,454,1,84,3,2282,33,72,105,19,88,1,3,2,2,2,1,1
455,455,4,85,8,4172,162,61,223,32,216,1,3,5,5,2,1,4
456,456,4,85,9,4977,223,121,344,28,320,1,2,6,2,1,0,1
457,457,2,85,8,1617,119,48,167,26,152,2,2,5,1,2,1,2
458,458,3,85,8,3192,57,43,100,43,108,1,3,3,5,2,0,2
459,459,4,86,14,3437,68,316,384,20,326,2,2,3,3,2,1,1
460,460,4,87,14,2149,9,386,395,21,340,2,2,5,1,2,1,1
461,461,4,85,12,2112,253,52,305,34,302,1,2,2,1,2,1,2
462,462,0,86,4,1056,197,124,321,33,315,1,3,3,2,2,0,3
463,463,4,85,1,3168,40,60,100,18,83,1,3,5,1,2,1,2
464,464,0,86,5,5280,200,119,319,30,303,1,3,5,2,1,0,5
465,465,0,86,4,19008,140,94,234,24,208,1,3,7,2,1,0,5
466,466,0,86,4,7392,97,89,186,38,192,1,3,3,2,1,1,1
467,467,1,85,9,5280,119,42,161,25,145,2,3,6,2,1,1,1
468,468,2,83,13,4400,186,52,238,25,214,1,3,6,2,2,0,2
469,469,1,85,12,4224,172,88,260,30,247,1,3,6,2,1,1,1
470,470,4,83,4,6468,78,38,116,24,103,1,3,7,2,1,1,1
471,471,1,84,21,8910,167,99,266,24,237,1,3,6,2,1,1,1
472,472,1,84,17,5280,146,112,258,40,271,1,3,6,3,2,1,1
473,473,1,84,3,880,33,72,105,19,88,1,3,5,1,4,1,2
474,474,4,85,8,1848,162,61,223,32,216,1,2,5,5,2,1,2
475,475,4,85,9,1584,223,121,344,28,320,1,3,9,3,2,1,3
476,476,2,85,8,1320,119,48,167,26,152,2,2,2,1,2,0,5
477,477,3,85,8,880,57,43,100,43,108,1,3,5,2,1,1,5
478,478,4,86,14,264,68,316,384,20,326,2,3,2,2,2,1,2
479,479,4,87,14,2772,9,386,395,21,340,2,3,2,2,2,1,5
480,480,2,86,5,870,58,34,92,29,86,1,3,3,3,2,1,1
481,481,4,85,12,5152,253,52,305,34,302,1,3,6,1,2,0,2
482,482,0,86,4,5635,197,124,321,33,315,1,3,3,1,4,0,5
483,483,4,85,1,805,40,60,100,18,83,1,2,6,1,5,1,1
484,484,0,86,5,3829,200,119,319,30,303,1,2,6,2,3,1,1
485,485,0,86,4,2149,140,94,234,24,208,1,3,9,2,3,1,2
486,486,0,86,4,2821,97,89,186,38,192,1,3,7,3,3,1,1
487,487,1,85,9,2569,119,42,161,25,145,2,3,5,3,3,1,2
488,488,2,83,13,3913,186,52,238,25,214,1,3,5,3,4,0,1
489,489,1,85,12,7854,172,88,260,30,247,1,3,4,3,3,1,1
490,490,4,83,4,2422,78,38,116,24,103,1,3,4,2,2,1,3
491,491,1,84,21,4067,167,99,266,24,237,1,3,7,2,3,1,2
492,492,1,84,17,9051,146,112,258,40,271,1,3,4,3,2,1,4
493,493,1,84,3,2282,33,72,105,19,88,1,1,3,2,2,1,1
494,494,4,85,8,4172,162,61,223,32,216,1,1,5,2,2,1,1
495,495,4,85,9,4977,223,121,344,28,320,1,3,4,2,2,1,2
496,496,2,85,8,1617,119,48,167,26,152,2,1,4,2,2,1,2
497,497,3,85,8,3192,57,43,100,43,108,1,3,4,2,2,1,2
498,498,4,86,14,3437,68,316,384,20,326,2,1,2,2,2,1,2
499,499,4,87,14,4494,9,386,395,21,340,2,3,7,2,2,1,2
500,500,2,86,5,840,58,34,92,29,86,1,1,2,2,5,1,3
501,501,4,86,12,14973,318,269,587,34,581,2,3,8,5,2,1,3
502,502,4,85,18,5180,88,170,258,34,255,1,3,6,2,5,1,5
503,503,4,86,5,5775,306,132,438,37,447,1,3,3,1,2,1,1
504,504,1,87,20,10577,304,78,382,39,397,1,3,6,2,5,1,1
505,505,4,86,8,3983,89,200,289,33,283,1,3,6,2,3,1,1
506,506,1,85,14,3164,86,230,316,33,310,1,3,2,5,4,1,1
507,507,0,86,6,3542,71,235,306,37,312,1,3,4,2,3,0,2
508,508,1,85,14,4277,148,324,472,39,491,1,2,2,2,2,1,3
509,509,4,85,16,7252,116,170,286,27,263,1,2,2,2,3,1,1
510,510,1,85,14,3948,175,277,452,37,461,1,3,2,3,2,1,5
511,511,3,86,6,3927,79,128,207,27,190,1,3,2,3,2,0,3
512,512,1,86,9,710,145,38,183,27,168,3,3,1,3,2,1,1
513,513,4,87,9,2429,174,78,252,41,267,3,2,9,5,2,0,3
514,514,1,85,5,6405,194,91,285,35,285,1,3,3,2,2,0,2
515,515,2,88,3,651,126,49,175,38,180,3,3,3,3,2,0,5
516,516,3,86,17,9135,317,119,436,34,432,2,3,2,1,4,0,5
517,517,4,87,11,1435,289,88,377,28,351,3,2,5,5,3,1,3
518,518,-1,87,8,5922,260,144,404,24,360,1,2,9,5,3,1,2
519,519,4,88,4,847,158,59,217,18,180,3,2,4,5,3,1,2
520,520,3,88,16,8050,302,145,447,52,523,2,3,3,2,2,1,1
521,521,1,87,9,4620,451,48,499,28,464,1,3,5,2,2,0,2
522,522,4,87,34,2352,661,132,793,23,698,3,3,6,2,5,1,2
523,523,1,88,10,2174,64,54,118,25,106,1,3,2,1,2,0,3
524,524,4,86,39,19894,284,230,514,50,591,1,3,4,1,1,0,5
525,525,1,86,18,6699,182,126,308,35,308,1,2,5,2,2,0,2
526,526,3,87,27,14987,173,332,505,19,424,1,3,5,1,3,0,3
527,527,2,88,9,4004,252,7,259,28,241,1,2,3,1,4,0,2
528,528,3,85,11,12824,131,180,311,51,361,1,2,6,5,5,1,2
529,529,3,85,8,2331,106,39,145,6,103,1,2,6,5,4,1,3
530,530,3,85,9,5817,96,108,204,29,192,1,2,6,5,4,1,3
531,531,3,85,7,2989,116,72,188,18,156,1,3,3,5,3,0,1
532,532,3,85,6,3136,86,49,135,32,131,1,3,4,5,3,0,2
533,533,3,85,17,14434,221,121,342,35,342,1,2,6,5,4,1,3
534,534,1,87,12,2583,61,96,157,18,130,1,3,3,3,2,1,3
535,535,3,86,12,3647,132,89,221,5,155,2,3,2,2,2,1,5
536,536,7,86,13,8232,45,387,432,16,350,2,2,5,2,2,1,2
537,537,1,86,12,3276,55,112,167,12,129,2,2,2,3,2,1,5
538,538,4,87,8,2723,124,52,176,14,139,2,3,4,5,3,0,3
539,539,3,87,5,3472,120,126,246,15,197,2,3,4,3,3,0,1
540,540,2,87,6,1575,47,32,79,14,62,2,3,1,3,2,1,3
541,541,1,86,12,2926,126,107,233,23,205,2,2,4,3,2,0,1
542,542,2,86,6,1876,101,45,146,15,117,2,1,1,3,5,0,1
543,543,1,86,5,2520,78,99,177,14,140,1,3,8,5,2,1,1
544,544,7,86,13,1603,69,74,143,14,113,1,3,3,1,2,1,2
545,545,3,86,8,3626,194,97,291,35,291,2,3,6,2,5,1,2
546,546,-1,87,10,6783,224,110,334,28,309,2,3,5,1,2,0,3
547,547,4,87,15,11361,323,184,507,35,507,2,3,8,1,2,0,3
548,548,3,86,6,1267,42,31,73,27,67,2,3,7,5,2,1,3
549,549,2,87,5,2548,74,43,117,25,105,2,3,5,1,2,0,3
550,550,4,87,10,1155,101,57,158,9,117,2,2,1,5,2,1,2
551,551,4,86,6,546,97,42,139,6,99,3,3,3,2,3,1,1
552,552,3,84,13,2275,134,77,211,13,165,2,3,6,5,4,1,3
553,553,5,86,26,9100,482,227,709,26,645,2,3,5,5,3,1,2
554,554,2,84,6,595,213,73,286,6,203,3,2,8,5,1,1,3
555,555,-1,84,22,3941,139,143,282,22,245,2,3,2,5,3,1,2
556,556,3,86,24,13860,473,182,655,40,688,2,2,8,1,2,1,1
557,557,4,85,12,1400,229,169,398,39,414,3,3,6,1,1,1,1
558,558,3,83,12,2800,227,73,300,34,297,1,3,2,3,3,0,1
559,559,4,82,24,9520,395,193,588,40,617,1,2,5,1,3,1,1
560,560,3,86,12,5880,469,176,645,43,697,3,3,5,3,2,1,1
561,561,4,85,36,23940,886,241,1127,34,1116,1,3,2,1,5,1,1
562,562,4,85,12,5152,253,52,305,34,302,1,3,4,1,4,0,5
563,563,0,86,4,5635,197,124,321,33,315,1,3,4,2,2,1,4
564,564,4,85,1,805,40,60,100,18,83,1,3,3,2,3,1,3
565,565,0,86,5,3829,200,119,319,30,303,1,3,8,2,2,1,1
566,566,0,86,4,2149,140,94,234,24,208,1,3,1,2,2,1,1
567,567,0,86,4,2821,97,89,186,38,192,1,2,2,2,2,1,1
568,568,1,85,9,2569,119,42,161,25,145,2,3,1,2,2,0,1
569,569,2,83,13,3913,186,52,238,25,214,1,2,1,2,2,1,1
570,570,1,85,12,7854,172,88,260,30,247,1,3,5,1,2,1,3
571,571,4,83,4,2422,78,38,116,24,103,1,3,2,2,4,1,1
572,572,1,84,21,4067,167,99,266,24,237,1,3,7,2,2,0,1
573,573,1,84,17,9051,146,112,258,40,271,1,3,4,2,2,1,1
574,574,1,84,3,2282,33,72,105,19,88,1,3,2,2,2,1,1
575,575,4,85,8,4172,162,61,223,32,216,1,3,5,5,2,1,4
576,576,4,85,9,4977,223,121,344,28,320,1,2,6,2,1,0,1
577,577,2,85,8,1617,119,48,167,26,152,2,2,5,1,2,1,2
578,578,3,85,8,3192,57,43,100,43,108,1,3,3,5,2,0,2
579,579,4,86,14,3437,68,316,384,20,326,2,2,3,3,2,1,1
580,580,4,87,14,2149,9,386,395,21,340,2,2,5,1,2,1,1
581,581,4,85,12,2112,253,52,305,34,302,1,2,2,1,2,1,2
582,582,0,86,4,1056,197,124,321,33,315,1,3,3,2,2,0,3
583,583,4,85,1,3168,40,60,100,18,83,1,3,5,1,2,1,2
584,584,0,86,5,5280,200,119,319,30,303,1,3,5,2,1,0,5
585,585,0,86,4,19008,140,94,234,24,208,1,3,7,2,1,0,5
586,586,0,86,4,7392,97,89,186,38,192,1,3,3,2,1,1,1
587,587,1,85,9,5280,119,42,161,25,145,2,3,6,2,1,1,1
588,588,2,83,13,4400,186,52,238,25,214,1,3,6,2,2,0,2
589,589,1,85,12,4224,172,88,260,30,247,1,3,6,2,1,1,1
590,590,4,83,4,6468,78,38,116,24,103,1,3,7,2,1,1,1
591,591,1,84,21,8910,167,99,266,24,237,1,3,6,2,1,1,1
592,592,1,84,17,5280,146,112,258,40,271,1,3,6,3,2,1,1
593,593,1,84,3,880,33,72,105,19,88,1,3,5,1,4,1,2
594,594,4,85,8,1848,162,61,223,32,216,1,2,5,5,2,1,2
595,595,4,85,9,1584,223,121,344,28,320,1,3,9,3,2,1,3
596,596,2,85,8,1320,119,48,167,26,152,2,2,2,1,2,0,5
597,597,3,85,8,880,57,43,100,43,108,1,3,5,2,1,1,5
598,598,4,86,14,264,68,316,384,20,326,2,3,2,2,2,1,2
599,599,4,87,14,2772,9,386,395,21,340,2,3,2,2,2,1,5
600,600,2,86,5,870,58,34,92,29,86,1,3,3,3,2,1,1
601,601,4,85,12,5152,253,52,305,34,302,1,3,6,1,2,0,2
602,602,0,86,4,5635,197,124,321,33,315,1,3,3,1,4,0,5
603,603,4,85,1,805,40,60,100,18,83,1,2,6,1,5,1,1
604,604,0,86,5,3829,200,119,319,30,303,1,2,6,2,3,1,1
605,605,0,86,4,2149,140,94,234,24,208,1,3,9,2,3,1,2
606,606,0,86,4,2821,97,89,186,38,192,1,3,7,3,3,1,1
607,607,1,85,9,2569,119,42,161,25,145,2,3,5,3,3,1,2
608,608,2,83,13,3913,186,52,238,25,214,1,3,5,3,4,0,1
609,609,1,85,12,7854,172,88,260,30,247,1,3,4,3,3,1,1
610,610,4,83,4,2422,78,38,116,24,103,1,3,4,2,2,1,3
611,611,1,84,21,4067,167,99,266,24,237,1,3,7,2,3,1,2
612,612,1,84,17,9051,146,112,258,40,271,1,3,4,3,2,1,4
613,613,1,84,3,2282,33,72,105,19,88,1,1,3,2,2,1,1
614,614,4,85,8,4172,162,61,223,32,216,1,1,5,2,2,1,1
615,615,4,85,9,4977,223,121,344,28,320,1,3,4,2,2,1,2
616,616,2,85,8,1617,119,48,167,26,152,2,1,4,2,2,1,2
617,617,3,85,8,3192,57,43,100,43,108,1,3,4,2,2,1,2
618,618,4,86,14,3437,68,316,384,20,326,2,1,2,2,2,1,2
619,619,4,87,14,4494,9,386,395,21,340,2,3,7,2,2,1,2
620,620,2,86,5,840,58,34,92,29,86,1,1,2,2,5,1,3
621,621,4,86,12,14973,318,269,587,34,581,2,3,8,5,2,1,3
622,622,4,85,18,5180,88,170,258,34,255,1,3,6,2,5,1,5
623,623,4,86,5,5775,306,132,438,37,447,1,3,3,1,2,1,1
624,624,1,87,20,10577,304,78,382,39,397,1,3,6,2,5,1,1
625,625,4,86,8,3983,89,200,289,33,283,1,3,6,2,3,1,1
626,626,1,85,14,3164,86,230,316,33,310,1,3,2,5,4,1,1
627,627,0,86,6,3542,71,235,306,37,312,1,3,4,2,3,0,2
628,628,1,85,14,4277,148,324,472,39,491,1,2,2,2,2,1,3
629,629,4,85,16,7252,116,170,286,27,263,1,2,2,2,3,1,1
630,630,1,85,14,3948,175,277,452,37,461,1,3,2,3,2,1,5
631,631,3,86,6,3927,79,128,207,27,190,1,3,2,3,2,0,3
632,632,1,86,9,710,145,38,183,27,168,3,3,1,3,2,1,1
633,633,4,87,9,2429,174,78,252,41,267,3,2,9,5,2,0,3
634,634,1,85,5,6405,194,91,285,35,285,1,3,3,2,2,0,2
635,635,2,88,3,651,126,49,175,38,180,3,3,3,3,2,0,5
636,636,3,86,17,9135,317,119,436,34,432,2,3,2,1,4,0,5
637,637,4,87,11,1435,289,88,377,28,351,3,2,5,5,3,1,3
638,638,-1,87,8,5922,260,144,404,24,360,1,2,9,5,3,1,2
639,639,4,88,4,847,158,59,217,18,180,3,2,4,5,3,1,2
640,640,3,88,16,8050,302,145,447,52,523,2,3,3,2,2,1,1
641,641,1,87,9,4620,451,48,499,28,464,1,3,5,2,2,0,2
642,642,4,87,34,2352,661,132,793,23,698,3,3,6,2,5,1,2
643,643,1,88,10,2174,64,54,118,25,106,1,3,2,1,2,0,3
644,644,4,86,39,19894,284,230,514,50,591,1,3,4,1,1,0,5
645,645,1,86,18,6699,182,126,308,35,308,1,2,5,2,2,0,2
646,646,3,87,27,14987,173,332,505,19,424,1,3,5,1,3,0,3
647,647,2,88,9,4004,252,7,259,28,241,1,2,3,1,4,0,2
648,648,3,85,11,12824,131,180,311,51,361,1,2,6,5,5,1,2
649,649,3,85,8,2331,106,39,145,6,103,1,2,6,5,4,1,3
650,650,3,85,9,5817,96,108,204,29,192,1,2,6,5,4,1,3
651,651,3,85,7,2989,116,72,188,18,156,1,3,3,5,3,0,1
652,652,3,85,6,3136,86,49,135,32,131,1,3,4,5,3,0,2
653,653,3,85,17,14434,221,121,342,35,342,1,2,6,5,4,1,3
654,654,1,87,12,2583,61,96,157,18,130,1,3,3,3,2,1,3
655,655,3,86,12,3647,132,89,221,5,155,2,3,2,2,2,1,5
656,656,7,86,13,8232,45,387,432,16,350,2,2,5,2,2,1,2
657,657,1,86,12,3276,55,112,167,12,129,2,2,2,3,2,1,5
658,658,4,87,8,2723,124,52,176,14,139,2,3,4,5,3,0,3
659,659,3,87,5,3472,120,126,246,15,197,2,3,4,3,3,0,1
660,660,2,87,6,1575,47,32,79,14,62,2,3,1,3,2,1,3
661,661,1,86,12,2926,126,107,233,23,205,2,2,4,3,2,0,1
662,662,2,86,6,1876,101,45,146,15,117,2,1,1,3,5,0,1
663,663,1,86,5,2520,78,99,177,14,140,1,3,8,5,2,1,1
664,664,7,86,13,1603,69,74,143,14,113,1,3,3,1,2,1,2
665,665,3,86,8,3626,194,97,291,35,291,2,3,6,2,5,1,2
666,666,-1,87,10,6783,224,110,334,28,309,2,3,5,1,2,0,3
667,667,4,87,15,11361,323,184,507,35,507,2,3,8,1,2,0,3
668,668,3,86,6,1267,42,31,73,27,67,2,3,7,5,2,1,3
669,669,2,87,5,2548,74,43,117,25,105,2,3,5,1,2,0,3
670,670,4,87,10,1155,101,57,158,9,117,2,2,1,5,2,1,2
671,671,4,86,6,546,97,42,139,6,99,3,3,3,2,3,1,1
672,672,3,84,13,2275,134,77,211,13,165,2,3,6,5,4,1,3
673,673,5,86,26,9100,482,227,709,26,645,2,3,5,5,3,1,2
674,674,2,84,6,595,213,73,286,6,203,3,2,8,5,1,1,3
675,675,-1,84,22,3941,139,143,282,22,245,2,3,2,5,3,1,2
676,676,3,86,24,13860,473,182,655,40,688,2,2,8,1,2,1,1
677,677,4,85,12,1400,229,169,398,39,414,3,3,6,1,1,1,1
678,678,3,83,12,2800,227,73,300,34,297,1,3,2,3,3,0,1
679,679,4,82,24,9520,395,193,588,40,617,1,2,5,1,3,1,1
680,680,3,86,12,5880,469,176,645,43,697,3,3,5,3,2,1,1
681,681,4,85,36,23940,886,241,1127,34,1116,1,3,2,1,5,1,1
682,682,4,85,12,5152,253,52,305,34,302,1,3,4,1,4,0,5
683,683,0,86,4,5635,197,124,321,33,315,1,3,4,2,2,1,4
684,684,4,85,1,805,40,60,100,18,83,1,3,3,2,3,1,3
685,685,0,86,5,3829,200,119,319,30,303,1,3,8,2,2,1,1
686,686,0,86,4,2149,140,94,234,24,208,1,3,1,2,2,1,1
687,687,0,86,4,2821,97,89,186,38,192,1,2,2,2,2,1,1
688,688,1,85,9,2569,119,42,161,25,145,2,3,1,2,2,0,1
689,689,2,83,13,3913,186,52,238,25,214,1,2,1,2,2,1,1
690,690,1,85,12,7854,172,88,260,30,247,1,3,5,1,2,1,3
691,691,4,83,4,2422,78,38,116,24,103,1,3,2,2,4,1,1
692,692,1,84,21,4067,167,99,266,24,237,1,3,7,2,2,0,1
693,693,1,84,17,9051,146,112,258,40,271,1,3,4,2,2,1,1
694,694,1,84,3,2282,33,72,105,19,88,1,3,2,2,2,1,1
695,695,4,85,8,4172,162,61,223,32,216,1,3,5,5,2,1,4
696,696,4,85,9,4977,223,121,344,28,320,1,2,6,2,1,0,1
697,697,2,85,8,1617,119,48,167,26,152,2,2,5,1,2,1,2
698,698,3,85,8,3192,57,43,100,43,108,1,3,3,5,2,0,2
699,699,4,86,14,3437,68,316,384,20,326,2,2,3,3,2,1,1
700,700,4,87,14,2149,9,386,395,21,340,2,2,5,1,2,1,1
701,701,4,85,12,2112,253,52,305,34,302,1,2,2,1,2,1,2
702,702,0,86,4,1056,197,124,321,33,315,1,3,3,2,2,0,3
703,703,4,85,1,3168,40,60,100,18,83,1,3,5,1,2,1,2
704,704,0,86,5,5280,200,119,319,30,303,1,3,5,2,1,0,5
705,705,0,86,4,19008,140,94,234,24,208,1,3,7,2,1,0,5
706,706,0,86,4,7392,97,89,186,38,192,1,3,3,2,1,1,1
707,707,1,85,9,5280,119,42,161,25,145,2,3,6,2,1,1,1
708,708,2,83,13,4400,186,52,238,25,214,1,3,6,2,2,0,2
709,709,1,85,12,4224,172,88,260,30,247,1,3,6,2,1,1,1
710,710,4,83,4,6468,78,38,116,24,103,1,3,7,2,1,1,1
711,711,1,84,21,8910,167,99,266,24,237,1,3,6,2,1,1,1
712,712,1,84,17,5280,146,112,258,40,271,1,3,6,3,2,1,1
713,713,1,84,3,880,33,72,105,19,88,1,3,5,1,4,1,2
714,714,4,85,8,1848,162,61,223,32,216,1,2,5,5,2,1,2
715,715,4,85,9,1584,223,121,344,28,320,1,3,9,3,2,1,3
716,716,2,85,8,1320,119,48,167,26,152,2,2,2,1,2,0,5
717,717,3,85,8,880,57,43,100,43,108,1,3,5,2,1,1,5
718,718,4,86,14,264,68,316,384,20,326,2,3,2,2,2,1,2
719,719,4,87,14,2772,9,386,395,21,340,2,3,2,2,2,1,5
720,720,2,86,5,870,58,34,92,29,86,1,3,3,3,2,1,1
721,721,4,85,12,5152,253,52,305,34,302,1,3,6,1,2,0,2
722,722,0,86,4,5635,197,124,321,33,315,1,3,3,1,4,0,5
723,723,4,85,1,805,40,60,100,18,83,1,2,6,1,5,1,1
724,724,0,86,5,3829,200,119,319,30,303,1,2,6,2,3,1,1
725,725,0,86,4,2149,140,94,234,24,208,1,3,9,2,3,1,2
726,726,0,86,4,2821,97,89,186,38,192,1,3,7,3,3,1,1
727,727,1,85,9,2569,119,42,161,25,145,2,3,5,3,3,1,2
728,728,2,83,13,3913,186,52,238,25,214,1,3,5,3,4,0,1
729,729,1,85,12,7854,172,88,260,30,247,1,3,4,3,3,1,1
730,730,4,83,4,2422,78,38,116,24,103,1,3,4,2,2,1,3
731,731,1,84,21,4067,167,99,266,24,237,1,3,7,2,3,1,2
732,732,1,84,17,9051,146,112,258,40,271,1,3,4,3,2,1,4
733,733,1,84,3,2282,33,72,105,19,88,1,1,3,2,2,1,1
734,734,4,85,8,4172,162,61,223,32,216,1,1,5,2,2,1,1
735,735,4,85,9,4977,223,121,344,28,320,1,3,4,2,2,1,2
736,736,2,85,8,1617,119,48,167,26,152,2,1,4,2,2,1,2
737,737,3,85,8,3192,57,43,100,43,108,1,3,4,2,2,1,2
738,738,4,86,14,3437,68,316,384,20,326,2,1,2,2,2,1,2
739,739,4,87,14,4494,9,386,395,21,340,2,3,7,2,2,1,2
740,740,2,86,5,840,58,34,92,29,86,1,1,2,2,5,1,3
741,741,4,86,12,14973,318,269,587,34,581,2,3,8,5,2,1,3
742,742,4,85,18,5180,88,170,258,34,255,1,3,6,2,5,1,5
743,743,4,86,5,5775,306,132,438,37,447,1,3,3,1,2,1,1
744,744,1,87,20,10577,304,78,382,39,397,1,3,6,2,5,1,1
745,745,4,86,8,3983,89,200,289,33,283,1,3,6,2,3,1,1
746,746,1,85,14,3164,86,230,316,33,310,1,3,2,5,4,1,1
747,747,0,86,6,3542,71,235,306,37,312,1,3,4,2,3,0,2
748,748,1,85,14,4277,148,324,472,39,491,1,2,2,2,2,1,3
749,749,4,85,16,7252,116,170,286,27,263,1,2,2,2,3,1,1
750,750,1,85,14,3948,175,277,452,37,461,1,3,2,3,2,1,5
751,751,3,86,6,3927,79,128,207,27,190,1,3,2,3,2,0,3
752,752,1,86,9,710,145,38,183,27,168,3,3,1,3,2,1,1
753,753,4,87,9,2429,174,78,252,41,267,3,2,9,5,2,0,3
754,754,1,85,5,6405,194,91,285,35,285,1,3,3,2,2,0,2
755,755,2,88,3,651,126,49,175,38,180,3,3,3,3,2,0,5
756,756,3,86,17,9135,317,119,436,34,432,2,3,2,1,4,0,5
757,757,4,87,11,1435,289,88,377,28,351,3,2,5,5,3,1,3
758,758,-1,87,8,5922,260,144,404,24,360,1,2,9,5,3,1,2
759,759,4,88,4,847,158,59,217,18,180,3,2,4,5,3,1,2
760,760,3,88,16,8050,302,145,447,52,523,2,3,3,2,2,1,1
761,761,1,87,9,4620,451,48,499,28,464,1,3,5,2,2,0,2
762,762,4,87,34,2352,661,132,793,23,698,3,3,6,2,5,1,2
763,763,1,88,10,2174,64,54,118,25,106,1,3,2,1,2,0,3
764,764,4,86,39,19894,284,230,514,50,591,1,3,4,1,1,0,5
765,765,1,86,18,6699,182,126,308,35,308,1,2,5,2,2,0,2
766,766,3,87,27,14987,173,332,505,19,424,1,3,5,1,3,0,3
767,767,2,88,9,4004,252,7,259,28,241,1,2,3,1,4,0,2
768,768,3,85,11,12824,131,180,311,51,361,1,2,6,5,5,1,2
769,769,3,85,8,2331,106,39,145,6,103,1,2,6,5,4,1,3
770,770,3,85,9,5817,96,108,204,29,192,1,2,6,5,4,1,3
771,771,3,85,7,2989,116,72,188,18,156,1,3,3,5,3,0,1
772,772,3,85,6,3136,86,49,135,32,131,1,3,4,5,3,0,2
773,773,3,85,17,14434,221,121,342,35,342,1,2,6,5,4,1,3
774,774,1,87,12,2583,61,96,157,18,130,1,3,3,3,2,1,3
775,775,3,86,12,3647,132,89,221,5,155,2,3,2,2,2,1,5
776,776,7,86,13,8232,45,387,432,16,350,2,2,5,2,2,1,2
777,777,1,86,12,3276,55,112,167,12,129,2,2,2,3,2,1,5
778,778,4,87,8,2723,124,52,176,14,139,2,3,4,5,3,0,3
779,779,3,87,5,3472,120,126,246,15,197,2,3,4,3,3,0,1
780,780,2,87,6,1575,47,32,79,14,62,2,3,1,3,2,1,3
781,781,1,86,12,2926,126,107,233,23,205,2,2,4,3,2,0,1
782,782,2,86,6,1876,101,45,146,15,117,2,1,1,3,5,0,1
783,783,1,86,5,2520,78,99,177,14,140,1,3,8,5,2,1,1
784,784,7,86,13,1603,69,74,143,14,113,1,3,3,1,2,1,2
785,785,3,86,8,3626,194,97,291,35,291,2,3,6,2,5,1,2
786,786,-1,87,10,6783,224,110,334,28,309,2,3,5,1,2,0,3
787,787,4,87,15,11361,323,184,507,35,507,2,3,8,1,2,0,3
788,788,3,86,6,1267,42,31,73,27,67,2,3,7,5,2,1,3
789,789,2,87,5,2548,74,43,117,25,105,2,3,5,1,2,0,3
790,790,4,87,10,1155,101,57,158,9,117,2,2,1,5,2,1,2
791,791,4,86,6,546,97,42,139,6,99,3,3,3,2,3,1,1
792,792,3,84,13,2275,134,77,211,13,165,2,3,6,5,4,1,3
793,793,5,86,26,9100,482,227,709,26,645,2,3,5,5,3,1,2
794,794,2,84,6,595,213,73,286,6,203,3,2,8,5,1,1,3
795,795,-1,84,22,3941,139,143,282,22,245,2,3,2,5,3,1,2
796,796,3,86,24,13860,473,182,655,40,688,2,2,8,1,2,1,1
797,797,4,85,12,1400,229,169,398,39,414,3,3,6,1,1,1,1
798,798,3,83,12,2800,227,73,300,34,297,1,3,2,3,3,0,1
799,799,4,82,24,9520,395,193,588,40,617,1,2,5,1,3,1,1
800,800,3,86,12,5880,469,176,645,43,697,3,3,5,3,2,1,1
801,801,4,85,36,23940,886,241,1127,34,1116,1,3,2,1,5,1,1
802,802,4,85,12,5152,253,52,305,34,302,1,3,4,1,4,0,5
803,803,0,86,4,5635,197,124,321,33,315,1,3,4,2,2,1,4
804,804,4,85,1,805,40,60,100,18,83,1,3,3,2,3,1,3
805,805,0,86,5,3829,200,119,319,30,303,1,3,8,2,2,1,1
806,806,0,86,4,2149,140,94,234,24,208,1,3,1,2,2,1,1
807,807,0,86,4,2821,97,89,186,38,192,1,2,2,2,2,1,1
808,808,1,85,9,2569,119,42,161,25,145,2,3,1,2,2,0,1
809,809,2,83,13,3913,186,52,238,25,214,1,2,1,2,2,1,1
810,810,1,85,12,7854,172,88,260,30,247,1,3,5,1,2,1,3
811,811,4,83,4,2422,78,38,116,24,103,1,3,2,2,4,1,1
812,812,1,84,21,4067,167,99,266,24,237,1,3,7,2,2,0,1
813,813,1,84,17,9051,146,112,258,40,271,1,3,4,2,2,1,1
814,814,1,84,3,2282,33,72,105,19,88,1,3,2,2,2,1,1
815,815,4,85,8,4172,162,61,223,32,216,1,3,5,5,2,1,4
816,816,4,85,9,4977,223,121,344,28,320,1,2,6,2,1,0,1
817,817,2,85,8,1617,119,48,167,26,152,2,2,5,1,2,1,2
818,818,3,85,8,3192,57,43,100,43,108,1,3,3,5,2,0,2
819,819,4,86,14,3437,68,316,384,20,326,2,2,3,3,2,1,1
820,820,4,87,14,2149,9,386,395,21,340,2,2,5,1,2,1,1
821,821,4,85,12,2112,253,52,305,34,302,1,2,2,1,2,1,2
822,822,0,86,4,1056,197,124,321,33,315,1,3,3,2,2,0,3
823,823,4,85,1,3168,40,60,100,18,83,1,3,5,1,2,1,2
824,824,0,86,5,5280,200,119,319,30,303,1,3,5,2,1,0,5
825,825,0,86,4,19008,140,94,234,24,208,1,3,7,2,1,0,5
826,826,0,86,4,7392,97,89,186,38,192,1,3,3,2,1,1,1
827,827,1,85,9,5280,119,42,161,25,145,2,3,6,2,1,1,1
828,828,2,83,13,4400,186,52,238,25,214,1,3,6,2,2,0,2
829,829,1,85,12,4224,172,88,260,30,247,1,3,6,2,1,1,1
830,830,4,83,4,6468,78,38,116,24,103,1,3,7,2,1,1,1
831,831,1,84,21,8910,167,99,266,24,237,1,3,6,2,1,1,1
832,832,1,84,17,5280,146,112,258,40,271,1,3,6,3,2,1,1
833,833,1,84,3,880,33,72,105,19,88,1,3,5,1,4,1,2
834,834,4,85,8,1848,162,61,223,32,216,1,2,5,5,2,1,2
835,835,4,85,9,1584,223,121,344,28,320,1,3,9,3,2,1,3
836,836,2,85,8,1320,119,48,167,26,152,2,2,2,1,2,0,5
837,837,3,85,8,880,57,43,100,43,108,1,3,5,2,1,1,5
838,838,4,86,14,264,68,316,384,20,326,2,3,2,2,2,1,2
839,839,4,87,14,2772,9,386,395,21,340,2,3,2,2,2,1,5
840,840,2,86,5,870,58,34,92,29,86,1,3,3,3,2,1,1
841,841,4,85,12,5152,253,52,305,34,302,1,3,6,1,2,0,2
842,842,0,86,4,5635,197,124,321,33,315,1,3,3,1,4,0,5
843,843,4,85,1,805,40,60,100,18,83,1,2,6,1,5,1,1
844,844,0,86,5,3829,200,119,319,30,303,1,2,6,2,3,1,1
845,845,0,86,4,2149,140,94,234,24,208,1,3,9,2,3,1,2
846,846,0,86,4,2821,97,89,186,38,192,1,3,7,3,3,1,1
847,847,1,85,9,2569,119,42,161,25,145,2,3,5,3,3,1,2
848,848,2,83,13,3913,186,52,238,25,214,1,3,5,3,4,0,1
849,849,1,85,12,7854,172,88,260,30,247,1,3,4,3,3,1,1
850,850,4,83,4,2422,78,38,116,24,103,1,3,4,2,2,1,3
851,851,1,84,21,4067,167,99,266,24,237,1,3,7,2,3,1,2
852,852,1,84,17,9051,146,112,258,40,271,1,3,4,3,2,1,4
853,853,1,84,3,2282,33,72,105,19,88,1,1,3,2,2,1,1
854,854,4,85,8,4172,162,61,223,32,216,1,1,5,2,2,1,1
855,855,4,85,9,4977,223,121,344,28,320,1,3,4,2,2,1,2
856,856,2,85,8,1617,119,48,167,26,152,2,1,4,2,2,1,2
857,857,3,85,8,3192,57,43,100,43,108,1,3,4,2,2,1,2
858,858,4,86,14,3437,68,316,384,20,326,2,1,2,2,2,1,2
859,859,4,87,14,4494,9,386,395,21,340,2,3,7,2,2,1,2
860,860,2,86,5,840,58,34,92,29,86,1,1,2,2,5,1,3
861,861,4,86,12,14973,318,269,587,34,581,2,3,8,5,2,1,3
862,862,4,85,18,5180,88,170,258,34,255,1,3,6,2,5,1,5
863,863,4,86,5,5775,306,132,438,37,447,1,3,3,1,2,1,1
864,864,1,87,20,10577,304,78,382,39,397,1,3,6,2,5,1,1
865,865,4,86,8,3983,89,200,289,33,283,1,3,6,2,3,1,1
866,866,1,85,14,3164,86,230,316,33,310,1,3,2,5,4,1,1
867,867,0,86,6,3542,71,235,306,37,312,1,3,4,2,3,0,2
868,868,1,85,14,4277,148,324,472,39,491,1,2,2,2,2,1,3
869,869,4,85,16,7252,116,170,286,27,263,1,2,2,2,3,1,1
870,870,1,85,14,3948,175,277,452,37,461,1,3,2,3,2,1,5
871,871,3,86,6,3927,79,128,207,27,190,1,3,2,3,2,0,3
872,872,1,86,9,710,145,38,183,27,168,3,3,1,3,2,1,1
873,873,4,87,9,2429,174,78,252,41,267,3,2,9,5,2,0,3
874,874,1,85,5,6405,194,91,285,35,285,1,3,3,2,2,0,2
875,875,2,88,3,651,126,49,175,38,180,3,3,3,3,2,0,5
876,876,3,86,17,9135,317,119,436,34,432,2,3,2,1,4,0,5
877,877,4,87,11,1435,289,88,377,28,351,3,2,5,5,3,1,3
878,878,-1,87,8,5922,260,144,404,24,360,1,2,9,5,3,1,2
879,879,4,88,4,847,158,59,217,18,180,3,2,4,5,3,1,2
880,880,3,88,16,8050,302,145,447,52,523,2,3,3,2,2,1,1
881,881,1,87,9,4620,451,48,499,28,464,1,3,5,2,2,0,2
882,882,4,87,34,2352,661,132,793,23,698,3,3,6,2,5,1,2
883,883,1,88,10,2174,64,54,118,25,106,1,3,2,1,2,0,3
884,884,4,86,39,19894,284,230,514,50,591,1,3,4,1,1,0,5
885,885,1,86,18,6699,182,126,308,35,308,1,2,5,2,2,0,2
886,886,3,87,27,14987,173,332,505,19,424,1,3,5,1,3,0,3
887,887,2,88,9,4004,252,7,259,28,241,1,2,3,1,4,0,2
888,888,3,85,11,12824,131,180,311,51,361,1,2,6,5,5,1,2
889,889,3,85,8,2331,106,39,145,6,103,1,2,6,5,4,1,3
890,890,3,85,9,5817,96,108,204,29,192,1,2,6,5,4,1,3
891,891,3,85,7,2989,116,72,188,18,156,1,3,3,5,3,0,1
892,892,3,85,6,3136,86,49,135,32,131,1,3,4,5,3,0,2
893,893,3,85,17,14434,221,121,342,35,342,1,2,6,5,4,1,3
894,894,1,87,12,2583,61,96,157,18,130,1,3,3,3,2,1,3
895,895,3,86,12,3647,132,89,221,5,155,2,3,2,2,2,1,5
896,896,7,86,13,8232,45,387,432,16,350,2,2,5,2,2,1,2
897,897,1,86,12,3276,55,112,167,12,129,2,2,2,3,2,1,5
898,898,4,87,8,2723,124,52,176,14,139,2,3,4,5,3,0,3
899,899,3,87,5,3472,120,126,246,15,197,2,3,4,3,3,0,1
900,900,2,87,6,1575,47,32,79,14,62,2,3,1,3,2,1,3
901,901,1,86,12,2926,126,107,233,23,205,2,2,4,3,2,0,1
902,902,2,86,6,1876,101,45,146,15,117,2,1,1,3,5,0,1
903,903,1,86,5,2520,78,99,177,14,140,1,3,8,5,2,1,1
904,904,7,86,13,1603,69,74,143,14,113,1,3,3,1,2,1,2
905,905,3,86,8,3626,194,97,291,35,291,2,3,6,2,5,1,2
906,906,-1,87,10,6783,224,110,334,28,309,2,3,5,1,2,0,3
907,907,4,87,15,11361,323,184,507,35,507,2,3,8,1,2,0,3
908,908,3,86,6,1267,42,31,73,27,67,2,3,7,5,2,1,3
909,909,2,87,5,2548,74,43,117,25,105,2,3,5,1,2,0,3
910,910,4,87,10,1155,101,57,158,9,117,2,2,1,5,2,1,2
911,911,4,86,6,546,97,42,139,6,99,3,3,3,2,3,1,1
912,912,3,84,13,2275,134,77,211,13,165,2,3,6,5,4,1,3
913,913,5,86,26,9100,482,227,709,26,645,2,3,5,5,3,1,2
914,914,2,84,6,595,213,73,286,6,203,3,2,8,5,1,1,3
915,915,-1,84,22,3941,139,143,282,22,245,2,3,2,5,3,1,2
916,916,3,86,24,13860,473,182,655,40,688,2,2,8,1,2,1,1
917,917,4,85,12,1400,229,169,398,39,414,3,3,6,1,1,1,1
918,918,3,83,12,2800,227,73,300,34,297,1,3,2,3,3,0,1
919,919,4,82,24,9520,395,193,588,40,617,1,2,5,1,3,1,1
920,920,3,86,12,5880,469,176,645,43,697,3,3,5,3,2,1,1
921,921,4,85,36,23940,886,241,1127,34,1116,1,3,2,1,5,1,1
922,922,4,85,12,5152,253,52,305,34,302,1,3,4,1,4,0,5
923,923,0,86,4,5635,197,124,321,33,315,1,3,4,2,2,1,4
924,924,4,85,1,805,40,60,100,18,83,1,3,3,2,3,1,3
925,925,0,86,5,3829,200,119,319,30,303,1,3,8,2,2,1,1
926,926,0,86,4,2149,140,94,234,24,208,1,3,1,2,2,1,1
927,927,0,86,4,2821,97,89,186,38,192,1,2,2,2,2,1,1
928,928,1,85,9,2569,119,42,161,25,145,2,3,1,2,2,0,1
929,929,2,83,13,3913,186,52,238,25,214,1,2,1,2,2,1,1
930,930,1,85,12,7854,172,88,260,30,247,1,3,5,1,2,1,3
931,931,4,83,4,2422,78,38,116,24,103,1,3,2,2,4,1,1
932,932,1,84,21,4067,167,99,266,24,237,1,3,7,2,2,0,1
933,933,1,84,17,9051,146,112,258,40,271,1,3,4,2,2,1,1
934,934,1,84,3,2282,33,72,105,19,88,1,3,2,2,2,1,1
935,935,4,85,8,4172,162,61,223,32,216,1,3,5,5,2,1,4
936,936,4,85,9,4977,223,121,344,28,320,1,2,6,2,1,0,1
937,937,2,85,8,1617,119,48,167,26,152,2,2,5,1,2,1,2
938,938,3,85,8,3192,57,43,100,43,108,1,3,3,5,2,0,2
939,939,4,86,14,3437,68,316,384,20,326,2,2,3,3,2,1,1
940,940,4,87,14,2149,9,386,395,21,340,2,2,5,1,2,1,1
941,941,4,85,12,2112,253,52,305,34,302,1,2,2,1,2,1,2
942,942,0,86,4,1056,197,124,321,33,315,1,3,3,2,2,0,3
943,943,4,85,1,3168,40,60,100,18,83,1,3,5,1,2,1,2
944,944,0,86,5,5280,200,119,319,30,303,1,3,5,2,1,0,5
945,945,0,86,4,19008,140,94,234,24,208,1,3,7,2,1,0,5
946,946,0,86,4,7392,97,89,186,38,192,1,3,3,2,1,1,1
947,947,1,85,9,5280,119,42,161,25,145,2,3,6,2,1,1,1
948,948,2,83,13,4400,186,52,238,25,214,1,3,6,2,2,0,2
949,949,1,85,12,4224,172,88,260,30,247,1,3,6,2,1,1,1
950,950,4,83,4,6468,78,38,116,24,103,1,3,7,2,1,1,1
951,951,1,84,21,8910,167,99,266,24,237,1,3,6,2,1,1,1
952,952,1,84,17,5280,146,112,258,40,271,1,3,6,3,2,1,1
953,953,1,84,3,880,33,72,105,19,88,1,3,5,1,4,1,2
954,954,4,85,8,1848,162,61,223,32,216,1,2,5,5,2,1,2
955,955,4,85,9,1584,223,121,344,28,320,1,3,9,3,2,1,3
956,956,2,85,8,1320,119,48,167,26,152,2,2,2,1,2,0,5
957,957,3,85,8,880,57,43,100,43,108,1,3,5,2,1,1,5
958,958,4,86,14,264,68,316,384,20,326,2,3,2,2,2,1,2
959,959,4,87,14,2772,9,386,395,21,340,2,3,2,2,2,1,5
960,960,2,86,5,870,58,34,92,29,86,1,3,3,3,2,1,1
961,961,4,85,12,5152,253,52,305,34,302,1,3,6,1,2,0,2
962,962,0,86,4,5635,197,124,321,33,315,1,3,3,1,4,0,5
963,963,4,85,1,805,40,60,100,18,83,1,2,6,1,5,1,1
964,964,0,86,5,3829,200,119,319,30,303,1,2,6,2,3,1,1
965,965,0,86,4,2149,140,94,234,24,208,1,3,9,2,3,1,2
966,966,0,86,4,2821,97,89,186,38,192,1,3,7,3,3,1,1
967,967,1,85,9,2569,119,42,161,25,145,2,3,5,3,3,1,2
968,968,2,83,13,3913,186,52,238,25,214,1,3,5,3,4,0,1
969,969,1,85,12,7854,172,88,260,30,247,1,3,4,3,3,1,1
970,970,4,83,4,2422,78,38,116,24,103,1,3,4,2,2,1,3
971,971,1,84,21,4067,167,99,266,24,237,1,3,7,2,3,1,2
972,972,1,84,17,9051,146,112,258,40,271,1,3,4,3,2,1,4
973,973,1,84,3,2282,33,72,105,19,88,1,1,3,2,2,1,1
974,974,4,85,8,4172,162,61,223,32,216,1,1,5,2,2,1,1
975,975,4,85,9,4977,223,121,344,28,320,1,3,4,2,2,1,2
976,976,2,85,8,1617,119,48,167,26,152,2,1,4,2,2,1,2
977,977,3,85,8,3192,57,43,100,43,108,1,3,4,2,2,1,2
978,978,4,86,14,3437,68,316,384,20,326,2,1,2,2,2,1,2
979,979,4,87,14,4494,9,386,395,21,340,2,3,7,2,2,1,2
980,980,2,86,5,840,58,34,92,29,86,1,1,2,2,5,1,3
981,981,4,86,12,14973,318,269,587,34,581,2,3,8,5,2,1,3
982,982,4,85,18,5180,88,170,258,34,255,1,3,6,2,5,1,5
983,983,4,86,5,5775,306,132,438,37,447,1,3,3,1,2,1,1
984,984,1,87,20,10577,304,78,382,39,397,1,3,6,2,5,1,1
985,985,4,86,8,3983,89,200,289,33,283,1,3,6,2,3,1,1
986,986,1,85,14,3164,86,230,316,33,310,1,3,2,5,4,1,1
987,987,0,86,6,3542,71,235,306,37,312,1,3,4,2,3,0,2
988,988,1,85,14,4277,148,324,472,39,491,1,2,2,2,2,1,3
989,989,4,85,16,7252,116,170,286,27,263,1,2,2,2,3,1,1
990,990,1,85,14,3948,175,277,452,37,461,1,3,2,3,2,1,5
991,991,3,86,6,3927,79,128,207,27,190,1,3,2,3,2,0,3
992,992,1,86,9,710,145,38,183,27,168,3,3,1,3,2,1,1
993,993,4,87,9,2429,174,78,252,41,267,3,2,9,5,2,0,3
994,994,1,85,5,6405,194,91,285,35,285,1,3,3,2,2,0,2
995,995,2,88,3,651,126,49,175,38,180,3,3,3,3,2,0,5
996,996,3,86,17,9135,317,119,436,34,432,2,3,2,1,4,0,5
997,997,4,87,11,1435,289,88,377,28,351,3,2,5,5,3,1,3
998,998,-1,87,8,5922,260,144,404,24,360,1,2,9,5,3,1,2
999,999,4,88,4,847,158,59,217,18,180,3,2,4,5,3,1,2
1000,1000,3,88,16,8050,302,145,447,52,523,2,3,3,2,2,1,1
